node_id,officer_count,name,country_codes
230000018,35358,Morning Star Holdings Limited,KNA
23000136,14901,MOSSACK FONSECA & CO. (BAHAMAS) LIMITED,BHS
23000147,9717,UBS TRUSTEES (BAHAMAS) LTD.,BHS
23000330,8299,CREDIT SUISSE TRUST LIMITED,BHS
23000156,8286,TRIDENT CORPORATE SERVICES (BAH) LTD,BHS
23000133,8149,MMG BAHAMAS LTD.,BHS
11001746,7016,ORION HOUSE SERVICES (HK) LIMITED,HKG
32000236,6607,Internal User,BHS
298333,5699,Unitrust Corporate Services Ltd.,GBR
23000213,5318,K.M.C. CORPORATE SERVICES LTD.,BHS
23000046,5014,** DISABLED SUISSE SECURITY BANK & TRUST,BHS
23000280,4995,PRIVATE TRUST CORPORATION LIMITED,BHS
11011863,4364,MOSSACK FONSECA & CO.,PAN
11012037,4117,PRIME CORPORATE SOLUTIONS SARL,LUX
11001708,4094,OFFSHORE BUSINESS CONSULTANT (INT'L) LIMITED,HKG
298293,3896,Sealight Incorporations Limited,HKG
11008027,3888,MOSSACK FONSECA & CO. (SINGAPORE) PTE LTD.,SGP
23000198,3601,LENNOX CORPORATE SERVICES LIMITED,BHS
23000381,3421,ELCO CORPORATE SERVICES LIMITED,BHS
294268,3338,Offshore Business Consultant (HK) Ltd.,HKG
23000400,3304,"ALEMAN, CORDERO, GALINDO & LEE (BAHAMAS)",BHS
23000362,3264,CITITRUST (BAHAMAS) LIMITED,BHS
11009351,3168,CONSULCO INTERNATIONAL LIMITED,ARE;CYP
230000057,3113,Trust Services (Nevis) Limited,KNA
11007372,2986,MOSSACK FONSECA & CO. (GENEVA) S.A.,CHE
23000162,2831,HOWARD LAWRENCE,BHS
23000235,2786,M B & H CORPORATE SERVICES LIMITED,BHS
23000219,2785,GTC CORPORATE SERVICES LIMITED,BHS
23000228,2740,H & J CORPORATE SERVICES LTD.,BHS
297687,2671,Company Kit Limited,HKG
230000005,2635,Associated Trustees Limited,KNA
230000007,2603,Global Corporate & Trust Man. Limited,KNA
23000365,2545,AMBER TRUST LTD.,BHS
11011539,2538,MOSSACK FONSECA & CO. (U.K.) LIMITED,GBR
23000281,2465,GAVIN D. CASSAR,BHS
230000038,2370,"Nevis International Trust Company, Ltd",KNA
23000406,2303,WINTERBOTHAM TRUST COMPANY LIMITED,BHS
80011301,2295,Appleby Trust (Cayman) Ltd.,CYM
23000130,2258,ANSBACHER (BAHAMAS) LIMITED,BHS
298258,2194,Panocean Secretarial Services Limited,HKG
23000222,2111,HOLOWESKO PYFROM FLETCHER,BHS
298170,2096,G.S.L. Law & Consulting,CYP
11009139,2055,MOSSACK FONSECA & CO. (PERU) CORP.,PER
11009218,2045,"POWER POINT INT'L CO., LTD.",TWN
11010643,2014,LEGAL CONSULTING SERVICES LIMITED,RUS
23000377,1961,OFFSHORE MANAGERS LIMITED,BHS
11012290,1871,MOSSFON MANAGERS LTD.,BHS
43724,1862,"UBS AG, Singapore",SGP
298166,1721,Kuzniecky & Co.,PAN
49684,1687,Equity Trust (Samoa) Limited,WSM
11006103,1659,EXPERTA CORPORATE & TRUST SERVICES,LUX
23000396,1633,OVERSEAS MANAGEMENT COMPANY (BAHAMAS),BHS
230000021,1629,NTL Trust Ltd,KNA
23000146,1619,J.P. MORGAN TRUST COMPANY (BAHAMAS) LIM,BHS
298147,1611,International Offshore Services Group,IRL
32000226,1611,H & J CORPORATE SERVICES LTD.,BHS
23000131,1608,Itau Bank & Trust Bahamas Ltd.,BHS
23000307,1597,WARD & CO.,BHS
23000157,1588,"ICAZA, GONZALEZ-RUIZ & ALEMAN (BAHAMAS)",BHS
11012118,1550,"MOSSACK FONSECA & CO. CZ, S.R.O",CZE
11010502,1479,RAWI & CO.,GBR
230000066,1479,IFG Trust Services Inc.,KNA
23000260,1457,"HARRY B. SANDS, LOBOSKY",BHS
295141,1452,Ready-Made Registrations Limited,HKG
23000437,1435,OWNER,
230000054,1425,Dixcart Management Nevis Limited,KNA
11000489,1335,GOLDSTAR EQUITY LTD,LVA
11011469,1323,CAPITAL CORPORATE SERVICES LIMITED,HKG
230000020,1316,Nevis American Trust Company Ltd,KNA
11012146,1315,OMNI MANAGEMENT CONSULTANCY FZE,CYP
23000001,1293,Internal User,
23000166,1293,SOVEREIGN BAHAMAS LIMITED,BHS
23000360,1293,L. OBAFEMI PINDLING,BHS
23000237,1290,LEX MANAGEMENT LIMITED,BHS
32000238,1275,GTC CORPORATE SERVICES LIMITED,BHS
23000256,1274,ATCO CORPORATE SERCIVES LTD.,BHS
32000235,1240,M B & H CORPORATE SERVICES LIMITED,BHS
23000204,1239,THE ALEXANDER CORPORATE GROUP,BHS
230000004,1230,Southpac Trust Nevis Limited,KNA
230000070,1225,No Registered Agent,
298020,1217,Lotus Holding Company Limited,LVA
11010460,1166,BOND & COMPANY,CAN
23000438,1156,BUTTERFIELD TRUST (BAHAMAS) LIMITED,BHS
230000033,1154,AMS Trustees (Nevis) Limited,KNA
11014056,1140,CHESTERFIELD GROUP LIMITED,CYP
297689,1136,"Cliff Legal Services, Inc.",RUS
230000025,1133,Sir Probyn Inniss(Not in Operation),KNA
230000016,1092,WALWYNLAW (LICENSE REVOKED),KNA
290240,1026,DBS Corporate Services (HK) Ltd,HKG
297596,1002,Asia One Corporate Services Ltd.,HKG
23000451,972,"CREDIT SUISSE, NASSAU BRANCH-WEALTH MGT.",BHS
11003948,963,BANQUE J. SAFRA SARASIN - LUXEMBOURG S.A.,LUX
23000450,956,STERLING (BAHAMAS) LIMITED,BHS
297669,954,Christabel Corporate Services Limited,CYP
23000141,940,CHASE MANHATTAN PRIVATE BANK & TRUST COM,BHS
230000017,935,Meridian Trust Company Ltd.,KNA
130000011,924,Chancery Chambers,BRB
11005424,918,CREDIT SUISSE  CHANNEL ISLANDS    LIMITED,GGY;GBR
11000269,912,"ZOLTY, LIC. ANDRE",CHE
23000436,893,UNIVERSAL LEGAL SERVICES,BHS
11000382,892,HELENE MATHIEU LEGAL CONSULTANTS,ARE
230000003,892,First Fidelity Trust Limited,KNA
23000145,878,NEW WORLD TRUSTEES COMPANY LIMITED,BHS
32000204,872,THE ALEXANDER CORPORATE GROUP,BHS
290352,858,Deloitte & Touche-China Practice Group (T040) ????????,TWN
11009289,806,LARSSEN CORPORATE SERVICES S.A.,EST
23000161,789,OCEANIC BANK & TRUST LIMITED,BHS
23000294,789,RAS CORPORATE SERVICES LTD.,BHS
23000376,784,DOMINION MANAGEMENT SERVICES LIMITED,BHS
130000006,780,Carribean Corporate Services Ltd.,BRB
230000008,780,Hamilton Trust Company (Nevis) Ltd.,KNA
11011490,777,HSBC PRIVATE BANK (MONACO) S.A.,MCO
23000533,771,CITCO BANK & TRUST COMPANY (BAHAMAS) LTD,BHS
23000343,770,ROYAL BANK OF CANADA TRUST COMPANY (BAH),BHS
11011597,768,MINERVA TRUST & CORPORATE SERVICES LIMITED,JEY;GBR
23000047,744,GRAHAM COOPER,BHS
123290,739,Company Incorporations Asia Limited,XXX
11011916,736,MOSSACK FONSECA & CO. (THAILAND) LTD.,THA
11014109,732,STEVAL MANAGEMENT SA,CHE
11000437,729,HSBC PRIVATE BANK (SUISSE) S.A.,CHE
230000081,728,EMS (Nevis) Ltd(No longer in Operation),KNA
11013977,721,HOSLYND S.A.,URY
23000088,705,SIDNEY S. COLLIE AND CO,BHS
11007669,703,NAUTILUS TRUST COMPANY LIMITED,JEY;GBR
11011243,700,RICHMOND FIDUCIARY GROUP LIMITED,GGY;GBR
11000284,691,MFT SERVICES SA,CHE
11003865,689,BOS TRUST COMPANY (JERSEY) LIMITED,JEY;GBR
290197,688,NetIncorp.com Corporation,VGB
23000180,681,A.J.K. Corporate Services (Bahamas) Ltd.,BHS
11011427,680,UNITRUST CORPORATE SERVICES LTD.,RUS;CAN
23000218,678,BUTLER & TAYLOR (B & T CORP. MANAGERS),BHS
130000005,674,PriceWaterhouseCoopers,BRB
23000134,671,Société Générale Private Banking (Bahama,BHS
23000220,665,DESMOND EDWARDS & CO.,BHS
298073,659,Hill Consulting Ltd.,RUS
11010028,659,RAPID MANAGEMENT SERVICES COMPANY,HKG
23000378,659,PETER EVANS & CO.,BHS
11011526,658,CHARTERHOUSE LOMBARD LIMITED ISLE OF MAN,IMN
11002044,657,CORPORATE MANAGEMENT SERVICES LIMITED,HKG
23000413,651,OFFSHORE INCORPORATIONS (BAHAMAS) LTD.,BHS
296719,650,UBS AG (HK),HKG
130000001,650,CITCO Corporate Management(Barbados) Ltd,BRB
11010431,632,NWT CONSEIL SA,CHE
23000140,632,C.I.B.C. TRUST COMPANY LIMITED,BHS
23000167,632,CORPORATE SERVICES INTERNATIONAL LIMITED,BHS
23000151,629,PICTET BANK & TRUST,BHS
11000598,619,TOPWORLD REGISTRATIONS LTD.,HKG
32000219,617,E. DAWSON ROBERTS & COMPANY,BHS
11007078,611,ILS FIDUCIARIES (IOM) LIMITED,IMN
11012469,607,CANNON ASSET MANAGEMENT LTD.,GGY;GBR
11011192,603,LAVECO LTD.,HUN
32000194,603,"HARRY B. SANDS, LOBOSKY",BHS
23000050,599,GLOBAL CORPORATE MANAGEMENT LTD.,BHS
11003138,594,WANG MIN,HKG
23000429,593,SUCRE & SUCRE (BAHAMAS) LIMITED,BHS
23000481,593,CREDIT AGRICOLE MANAGEMENT SERV (BAH),BHS
11010137,588,USA CORPORATE SERVICES INC.(NEW YORK),CHE
11012591,586,"CAVERSHAM, CHARTERED CERTIFIED ACCOUNTANTS",JEY;GBR
11002723,584,AUDINA TREUHAND AG,LIE
11000796,578,UBS AG (SUCC. RUE DU RHÔNE),CHE
11009522,575,POPULAR CORPORATE SERVICE LIMITED #1,HKG
11012661,569,GENINT SA,CHE
111293,564,"Credit Suisse, Singapore",SGP
11000200,564,EST SA,CHE
119129,559,PricewaterhouseCoopers Ltd.,HKG
23000132,559,SANTANDER BANK & TRUST (BAHAMAS) Ltd.,BHS
298326,557,Goodwin Management Corporation,RUS
11000705,555,NWT MANAGEMENT S.A.,CHE
11008930,554,PROBUS COMPAGNIE S.A.,CHE
23000349,551,VALDY ADMINISTRATION (BAHAMAS) LTD.,BHS
298235,545,North Sea Profession Co.,HKG
11001487,542,CENTURION MANAGEMENT SERVICES LIMITED,JEY;GBR
23000272,542,ALAN E. H. BATES,BHS
11004899,541,BTT FIDUCIARY SERVICES (SUISSE) S.A.,CHE
11000044,540,HORIZON INVESTMENT SA,CHE
295237,526,R & K Consultants Limited (Taichung),TWN
297603,520,"Andersen Business Services, Inc.",RUS
11014018,496,ALF CONSULTING S.A.,
123297,494,Amond & Smith,XXX
11003698,493,GESTRUST S.A.,CHE
23000083,491,PRICEWATERHOUSECOOPERS (BAHAMAS) LIMITED,BHS
11008741,490,PINNACLE TRUSTEES LIMITED,JEY;GBR
130000002,490,Cartrust Corporation Ltd,BRB
11008000,486,COUTTS & CO. TRUSTEES (JERSEY) LIMITED,JEY;GBR
23000144,486,GUARANTY TRUST BANK LIMITED,BHS
11012174,481,NORTH ATLANTIC TRUST COMPANY LIMITED,
230000002,476,Caribbean Trust Company (Nevis) Limited,KNA
11004036,474,RYA MANAGEMENT LIMITED,HKG
23000158,474,BANK OF NOVA SCOTIA TRUST CO. (BAHS) LTD,BHS
80000392,473,Appleby Corporate Services (BVI) Limited,VGB
296518,469,Deloitte & Touche - ??????????  - (Taipei),TWN
23000511,468,EQUITY BANK AND TRUST BAHAMAS LIMITED,BHS
11005486,465,SOCIÉTÉ GÉNÉRALE BANK & TRUST LUXEMBOURG,LUX
23000385,463,EURO-DUTCH TRUST (PROVIDENCE TRUST),BHS
230000073,463,Equity Management & Accountancy Corp.,KNA
11010062,458,BOREL & BARBEY,CHE
11007715,456,P & B SERVICES LIMITED,HKG
240090034,452,SFM CORPORATE SERVICES S.A.,
23000034,451,FREEPORT CORPORATE CONSULTANTS LTD.,BHS
11009412,450,J. P. DAMIANI & ASOCIADOS,URY
11011609,448,MICHAEL B. EDGE,USA
298217,446,Moscow Law Agency,RUS
230000031,445,Beaumont Corporation Limited,KNA
230000036,440,Despen Trust Limited,KNA
32000232,439,OWNER,BHS
297694,436,Cornhill International Limited,GBR
11001096,436,PHATSHOEANE HENNEY ATTORNEYS,ZAF
11011866,435,MOSSACK FONSECA & CO. (ZURICH) AG,PAN;CHE
23000126,434,RHONE TRUSTEES (BAHAMAS) LTD.,BHS
123226,433,Shelf Portfolio - Portcullis TrustNet (HK) Ltd,XXX
292813,431,"Earnest & Co., CPAs ????????",TWN
23000336,431,HELVETIC MANAGEMENT SERVICES LTD.,BHS
23000445,430,ARNER BANK,BHS
23000444,427,CORNER BANK OVERSEAS LIMITED,BHS
23000315,426,DUPUCH & TURNQUEST (FREEPORT),BHS
11004487,424,KLEINWORT BENSON (JERSEY) TRUSTEES LTD.,JEY;GBR
298296,422,Stanley Davis Group Limited,GBR
11011699,422,GENEVA MANAGEMENT GROUP  SWITZERLAND  SA,
298172,420,Lindfield International Limited,HKG
42638,416,BANCALLIANCE PTE LTD,SGP
23000446,416,L & L CORPORATE & LEGAL SERVICES LTD.,BHS
23000401,413,CARDINAL INTERNATIONAL CORP.,BHS
23000409,413,LGM MANAGEMENT,BHS
230000024,412,Daniel Brantley,KNA
23000016,408,WORLDWIDE CORPORATE SERVICE PROVIDERS,BHS
11004124,406,ALBA CORPORATE ENTERPRISES LIMITED,CYP
11001727,405,DI SAN DI MANAGEMENT COMPANY LIMITED,TWN
11005485,404,LANDSBANKI LUXEMBOURG S.A.,LUX
119396,403,Allen & Bryans Consultants (Int'l) Pte Ltd,SGP
23000139,400,FIRST CHOICE SERVICES LTD.,BHS
291482,399,"Gold-In Consulting Co., Ltd. ???????????????",TWN
23000018,398,GSO CORPORATE SERVICES LTD.,BHS
298336,397,Westglobe Corporate Services,USA
32000205,395,DUPUCH & TURNQUEST,BHS
230000009,395,Hanver Corporate Services Limited,KNA
11012457,394,FIDINAM (GENEVE) S.A.,
11011542,393,ANDREA DE GRANDI,CHE
297705,392,Corporate Solutions Inc.,USA
292152,391,JBL Consultants Ltd.,HKG
11009036,387,WBC SECRETARIES LIMITED,HKG
230000087,386,PRESTIGE TRUST COMPANY LTD,KNA
298154,385,Juris Magister,USA
23000225,383,E.P. TOOTHE & ASSOCIATES,BHS
11011946,380,HOTEX CORPORATE SERVICES LIMITED,HKG
291993,379,ITAS LIMITED,HKG
298415,379,Express Co Registration Pte Ltd,SGP
11009871,377,ROTHSCHILD TRUST GUERNSEY LIMITED,GGY;GBR
297670,375,Corporate Creations International Inc.,USA
11006106,375,WESTERN TRUST CORPORATION,PAN
32000149,375,ROBERTS ISAACS CORPORATE SERVICES LTD.,BHS
11010799,373,VERITE TRUST COMPANY LIMITED,JEY;GBR
23000153,373,MEESPIERSON BAHAMAS LTD.,BHS
11010574,371,SANTO MANAGEMENT LIMITED,HKG
23000040,371,BNP PARIBAS (BAHAMAS) LIMITED,BHS
11012191,370,MONFORT CAPITAL PARTNERS JLT,
11006802,369,NORDEA BANK S.A.,LUX
23000367,368,FORTIS FUND SERVICES (BAHAMAS) LIMITED,BHS
11003326,367,MERIDIAN CORPORATE SERVICES,CHE
297606,366,"Alesta Consulting, S.A.",XXX
23000372,364,SWISS BAHAMAS MGMT. SERVICES LTD,BHS
23000411,362,"MONTAQUE CORPORATE PARTNERS, LTD.",BHS
11011668,361,NATIONWIDE COMPANY SERVICES LIMITED,GBR
11012622,361,IAP INVESTMENT & TRUST SERVICES AG,CHE
23000246,361,"SMITH, SMITH & COMPANY",BHS
23000390,360,EURO-CARIBBEAN MANAGEMENT SERVICES LTD.,BHS
11004244,358,IFM GROUP LIMITED,JEY;GBR
230000035,357,"LIBURD & DASH, L.P.",KNA
11000299,356,PEERSON ASSET MANAGEMENT S.A.,CHE
11006126,351,ALPHA MANAGEMENT SERVICES (LUXEMBOURG) S.A.,LUX
23000039,351,CITCO FUND SERVICES (BAHAMAS) LIMITED,BHS
11000123,343,HIRSCH & CIE,CHE
11008448,340,WABERIA CONSULTING LLC,SYC;CZE
11011086,339,TRENSIS ENTERPRISE INCORPORATED,RUS
11003262,338,CAPITA FIDUCIARY (LUXEMBOURG),LUX
11011497,338,SUN HUNG KAI PROPERTIES LIMITED,HKG
11013818,338,SALAMANCA GROUP TRUST  JERSEY  LTD,JEY;GBR
11000007,337,FIGEST CONSEIL S.A.,CHE
11013791,337,HANSARD LIMITED,GGY;GBR
11004150,334,FIRST NAMES GROUP (IOM),JEY;IMN
11001503,333,HAMILTON TRUSTEES LIMITED,GGY;GBR
11003120,331,DRESDNER BANK LATEINAMERIKA AG,PAN;CHE
11004394,331,PORTRIDGE INVEST LIMITED,GBR
11011384,328,EFG TRUST COMPANY LIMITED,JEY;GBR
11012160,327,VOLAW TRUST & CORPORATE SERVICES LIMITED.,GBR
11000398,326,HSBC PRIVATE BANK (SUISSE) S.A.  / AXEL STERN,CHE
23000057,326,BLUEWOOD MANAGEMENT LTD.,BHS
11012592,323,ROYAL BANK OF CANADA TRUST COMPANY (INTERNATIONAL) LIMITED,JEY;GBR
119704,320,ATA International Co Ltd,HKG
230000022,320,"Nisbetts, Law Chambers",KNA
114242,319,RC Corporate Services Limited,HKG
11010584,318,LUBBOCK FINE (LONDON),GBR
23000344,318,RONALD H KNOWLES,BHS
230000095,318,Equity First Trustees (Nevis) Ltd,KNA
11010900,317,HELM TRUST COMPANY LIMITED,JEY;GBR
11009426,316,ESTUDIO VICTOR PAULLIER & CIA.,URY
11010693,313,STM FIDECS MANAGEMENT LTD.,GIB
23000523,313,JULIUS BAER TRUST COMPANY (BAHAMAS) LTD,BHS
230000047,311,Global Management & Consultancy Corp.,KNA
297652,310,"American Corporate Services, Inc.",USA
23000214,310,ROBERTS ISAACS CORPORATE SERVICES LTD.,BHS
290381,309,"Deutsche Bank AG, Singapore Branch",SGP
11009266,309,TROWERS & HAMLINS,GBR
11011374,309,"JUNOD, MUHLSTEIN, LEVY & PUDER",CHE
230000048,309,Renaissance Trust Ltd (Not in Operation),KNA
23000072,308,CATES & CO. (FREEPORT),BHS
11010837,306,LATINCONSULT INC.,PAN
23000215,306,DUPUCH & TURNQUEST,BHS
11004781,305,"HONGKONG WANYU REGISTRY CO., LIMITED",HKG
11009152,305,RYON LTD.,CHE
23000278,303,THORAND BANK & TRUST LIMITED,BHS
23000143,302,DELTEC BANK & TRUST CO. LTD.,BHS
23000528,302,AMICORP BAHAMAS MANAGEMENT LIMITED,BHS
298323,301,Topworld Registrations,HKG
11000376,301,"METAXAS, SPYRO A.",CHE
32000175,299,"NOTTAGE, MILLER & CO.(NASSAU)",BHS
297642,294,BBP-Baltic Ltd.,LVA
23000475,293,Intertrust (Bahamas) Limited,BHS
230000090,293,Octagon Consultants & Services Ltd,KNA
296897,292,Victon Registrations Limited,HKG
298312,292,T & C First Secretarial Ltd.,GBR
11004646,290,C.F.M.   S.A.M.,MCO
11001660,289,GLOBAL WEALTH MANAGEMENT CENTER LIMITED,RUS
23000277,289,LEADENHALL,BHS
23000366,286,BNP PRIVATE BANK & TRUST BAH,BHS
298082,285,International Business Company Formation Inc.,USA
240090001,285,CHRISTODOULOS VASSILIADES,
11010184,284,TOTAL CORPORATE SERVICES LIMITED,HKG
11011428,283,POSADAS & VECINO ZONA FRANCA SRL,URY
23000152,282,LLOYDS BANK INTERNATIONAL LIMITED,BHS
11011810,281,QUICKEY ACCOUNTING & SECRETARIAL SERVICES LIMITED,HKG
23000241,281,E. DAWSON ROBERTS & COMPANY,BHS
11013528,279,QING DAO GAO BAO INVESTMENT CONSULTANT LIMITED,CHN
298198,276,Global Wealth Management Center Limited,RUS
11012061,276,BSI INTERNATIONAL PRIVATE BANKING S.A.M,MCO
11004495,273,CAREY NOVA SA,CHE
11013908,272,K.S. LIU CORPORATE SERVICES LTD.,HKG
11010457,270,CURACAO TRUST MANAGEMENT N.V.,
11001182,266,MOSSFON TRUST CORPORATION,PAN
11001686,265,SGG MANAGEMENT  BVI LTD.,ABW
11009029,265,INSTANT COMPANIES LIMITED,HKG
11000040,264,GESTAR S.A.,CHE
11010994,264,EQUITY TRUST (GUERNSEY) LIMITED,GGY;GBR
11001293,263,HERALD TRUST COMPANY LIMITED,JEY;GBR
119755,261,AY Commercial Law Offices ???????,TWN
298350,260,Accounts Centre International Ltd,GBR
11011555,259,"RIVAFID, SOCIETE FIDUCIAIRE S.A.",
11001123,258,MANAGEMENT CONSULTING ENTERPRISES INC.,ESP
11005837,255,TEAMWORK SECRETARIAL COMPANY LIMITED,HKG
23000282,253,"CREDIT SUISSE AG, NASSAU BRANCH LATAM",BHS
11000619,251,CANAL TRUST COMPANY LIMITED,JEY;GBR
11002282,251,INTERTRUST HONG KONG LIMITED,HKG
296520,250,Shelf Portfolio - Portcullis TrustNet (Singapore) Pte Limited,SGP
11001975,250,NAUTILUS FIDUCIARY  ASIA  LIMITED,HKG
11005871,249,BARCLAYS TRUST COMPANY JERSEY LIMITED,JEY;GBR
23000357,249,COTSWOLD CORPORATE SERVICES LIMITED,BHS
23000042,248,LOMBARD ODIER & CIE (BAHAMAS) LIMITED,BHS
11005175,246,PROBUS ADVISORY SA,CHE
11009348,246,LEIGHTON & LEIGHTON SNC,MCO
11012502,246,FINCORPO.COM & LEGAL SERVICES SA,
23000512,245,LYFORD INTERNATIONAL BANK AND TRUST LTD.,BHS
11010432,244,WARREN FINANCIAL SERVICES LIMITED,JEY;GBR
11000214,241,ILEX FIDUTRUST SA,CHE
298309,240,Sabourin and Sun Inc.,CAN
289704,239,Justice China & Taiwan Business Consulting Corp.,TWN
23000238,238,MCKINNEY TURNER,BHS
80010095,238,Appleby Trust (Isle of Man) Limited,IMN
230000084,237,International Trust Services Ltd.(Not Op,KNA
11007668,236,FIRST NAMES GROUP (JERSEY),JEY;GBR
11001722,235,FCI DAVID RISBEY,CHE
298161,234,Kinanis-Pyrgou & Co.,CYP
11005942,234,FIGED,CYP;LUX
11011092,231,MOORES ROWLAND CORPORATE SERVICES,MCO
11011452,231,JD-INFINUM FIDUCIAIRE SA,
23000458,231,GENESIS FUND SERVICES LIMITED,BHS
11001729,230,JIMENEZ CRUZ PEÑA,DOM
11002361,229,D & T CORPORATE SERVICES COMPANY LIMITED / CHEUNG CHEUNG & PARTNERS,HKG
11008970,229,CORPORATE INTERNAL SYSTEM,
11009262,229,PANAMA ADVISORY GROUP INC.,CHE
23000257,229,DAVIS & CO,BHS
23000480,229,LYFORD CORPORATE SERVICES LTD.,BHS
32000217,229,HIGGS & KELLY,BHS
130000034,229,TRIDENT CORPORATE SERVICES (BARBADOS) LT,BRB
11006109,228,SAH MANAGEMENT,ARE
32000189,226,CF CORPORATE SERVICE LIMITED,BHS
11012945,223,SEQUOIA TREUHAND TRUST REG,LIE
230000065,223,Corporate Trust Services Company Ltd.,KNA
11000053,222,INVICTA ADVISORY SA,CHE
11004437,222,BEIJING HATI BUSINESS CONSULTANT LIMITED,CHN
11005263,221,ABROAD FIDUCIAIRE SARL,LUX
11011654,220,UBS S.A.(SERVICIOS JURIDICOS) (AA2M),CHE
23000056,219,MORTIMER & CO.,BHS
230000097,219,Julien Prevost,KNA
297601,217,ABI Trust Ltd.,ATG
11013951,217,BRIGHT SIDE S.A.,URY
11009478,216,CHARTWELL TRUST SERVICES S.A.,
23000414,216,GILINGAM BANK formerly GUTA BANK & TRUST,BHS
291663,215,Horwath Management Consultants Limited (Taipei),TWN
292494,215,Kaizen Certified Public Accountants Limited,HKG
11013202,215,"OFIR TSHORNY, ADV (CPA)",ISR
292575,214,KEDP Management Consulting Inc.,TWN
23000163,214,SEARS & CO.,BHS
298263,213,Proform Offshore Limited,GBR
297611,211,Appleton Company Services Limited,GBR
298244,211,Offshore Management & Corporate Services Corporation,PAN
11000515,211,SUCCESS CORPORATE SERVICES LTD.,HKG
11001085,211,TRUSBAN INTERNATIONAL S.A.,CHE
11010820,211,EUROGLEN S.A.,RUS
11011680,211,GERLI & CO.,PAN
119681,210,Asiarider Secretaries Limited,HKG
23000168,210,SENTINEL BANK & TRUST,BHS
11009214,209,MOSSACK FONSECA & CO. (PTY),
297412,206,Y & C Management Consulting Limited  - ?????????????,TWN
11012974,206,APOLLONI ADVISOR,ITA
11013759,206,EBC FINANCIAL SERVICES (JERSEY) LIMITED,JEY;GBR
11011631,205,SARNIA MANAGEMENT CORPORATION LIMITED,GGY;GBR
11000650,204,FOCUS SECRETARIAL SERVICES LIMITED,HKG
11006105,204,BDO COMPAGNIE FIDUCIAIRE,LUX
23000123,203,KING & CO.,BHS
23000468,203,PRIVATE INVESTMENT BANK LIMITED,BHS
298088,202,Intershore Consult (Pty) Ltd.,SYC
11000268,202,MCG S.A.,CHE
11011738,202,PRATEO CONSEIL S.A.,
11000029,201,FAVONA S.A.,CHE
23000164,201,MICHAEL HEPBURN,BHS
11002409,200,BRIDGEWATERS (IOM) LIMITED,IMN
23000439,200,CREDIT AGRICOLE SUISSE BANK & TRUST,BHS
23000456,200,NEW WORLD NASSAU LIMITED,BHS
11002043,199,MERLIN GROUP SECURITIES LIMITED,GGY;GBR
11004078,199,NAUTILUS FIDUCIARY MAURITIUS LIMITED,MUS
298236,198,APEX Trust Company Limited,JEY
23000361,198,CHEMICAL BANK & TRUST LIMITED,BHS
23000364,198,BANAKOR SWISSE S.A.,BHS
11002931,197,SG TRUST (SWITZERLAND) SA,CHE
23000331,197,"ARIAS, FABREGAS & FABREGAS",BHS
230000049,197,Charlestown Trust Company Limited,KNA
298137,196,International Management & Trust,PAN
11005013,196,IMARA TRUST COMPANY (MAURITIUS) LIMITED,MUS
292757,195,KPMG - (Taipei) ??????????,TWN
11001843,195,MF CONSULTING LTD,VEN
23000441,195,ANDREW P. BOWE,BHS
130000007,195,KPMG,BRB
298222,194,Midland Consult Ltd.,RUS
23000382,194,WESTPAC BANK & TRUST,BHS
11009999,193,FAIR WIND SECRETARIAL SERVICES LIMITED,HKG
297640,192,Atlas Maritime Services Ltd.,GBR
11000831,192,STM FIDUCIAIRE LIMITED,JEY;GBR
23000251,191,WELLS LEGAL & CORPORATE SERVICES LTD.,BHS
23000472,191,FIRST CORPORATE SERVICES LIMITED,BHS
230000001,191,Capco Trust(Not in Operation),KNA
119639,190,Arthur Mo & Co. Limited,HKG
294124,190,New World TMT Limited,HKG
11004766,189,BALD EAGLE SERVICES S.A. (BVI),MLT
11008405,189,JERSEY TRUST COMPANY,JEY;GBR
32000168,189,TRUST CORP OF THE BAHAMAS,BHS
23000100,188,ARNOLD A. FORBES & CO.,BHS
23000324,188,CAPE HORN MANAGEMENT LTD.,BHS
11004218,187,STANLEY DAVIS GROUP LIMITED,GBR
23000080,187,ILS (BAHAMAS) LIMITED,BHS
23000338,187,EFG BANK & TRUST (BAHAMAS) LTD.,BHS
298233,186,N.R. Doshi & Co,ARE
11007665,186,YES CHOICE SECRETARIES LIMITED,HKG
23000232,186,MIRIAM J. CURLING,BHS
23000534,186,WINDERMERE CORPORATE MANAGEMENT LIMITED,BHS
294710,185,ASA Investment Limited,HKG
11001301,185,INVESTEC TRUST (GUERNSEY) LIMITED,GGY;GBR
80016644,185,INTERTRUST TRUSTEES II (CAYMAN) LIMITED,CYM
11009302,184,W.S. WONG & CO.,HKG
11011109,184,FORTRESS MANAGEMENT SERVICES LIMITED,IMN
23000342,184,ROYAL BANK OF SCOTLAND (NASSAU) LTD,BHS
23000348,183,IPG Family Office Limited,BHS
11011453,182,SYNTHESA MANAGEMENT S.A.,
11011932,182,PAZ & HOROWITZ,ECU
23000206,182,CF CORPORATE SERVICE LIMITED,BHS
23000293,182,ESTATE PLANNING INSTITUTE (BAHAMAS) LTD.,BHS
298330,181,T & T Secretarial Limited,HKG
230000039,181,Guardian Trust Co. Limited,KNA
11000175,180,FIDUCIAIRE SAFIDEV S.A.,CHE
289359,179,Cathay International Holdings Limited,HKG
11007879,179,TITAN CORPORATE SERVICES LIMITED,MUS
297682,178,Companies Incorporated,USA
11009031,178,INTERNATIONAL COMPANY LAWYERS LTD.,ESP
240090171,177,FRANCISCO HUNG VAILLANT,
11000263,176,MULTIFIDUCIAIRE FRIBOURG S.A.,CHE
298252,175,ALFASERVE CONSULTANTS LIMITED,CYP
32000200,175,ANSBACHER (BAHAMAS) LIMITED,BHS
119708,174,ATC (Hong Kong) Limited,HKG
11009905,174,MORATORIO-RODRIGUEZ TEODORO Y ASOCIADOS,URY
23000099,174,BOYE'S CHAMBERS-LLEWLYN BOYER CARTWRIGHT,BHS
11007753,173,WHITMILL TRUST COMPANY LIMITED,JEY;GBR
23000346,173,WESTERN MANAGEMENT SERVICES LIMITED,BHS
11000970,172,"CORDERO, MORENO & CORRAL ABOGADOS CÍA. LTDA",ECU
11001505,172,INTERNATIONAL SECRETARIES LIMITED,HKG
11012421,172,MOSSACK FONSECA & CO. (BRASIL) S/C LTDA.,BRA
11001180,171,BETA INCORPORATION MANAGEMENT LIMITED,HKG
11003897,171,MANAGEMENT TRUSTEES GROUP S.A.,CHE
11013794,170,HSBC TRUSTEE (C.I.) LIMITED,JEY;GBR
119108,169,Baker & McKenzie (Hong Kong),HKG
11001152,168,ASSOCIATED TRUSTEES LIMITED OF NEVIS (ATL),KNA
11010733,168,PRIME TREASURE REGISTRATION SERVICES LIMITED,HKG
11001702,167,CAPITA TRUSTEE SERVICES LIMITED,JEY;GBR
11003954,166,JOESUN INVESTMENT CONSULTING (BJ) LTD,CHN
11006162,166,EQUIOM GROUP,GBR
230000096,166,Jirehouse Management Nevis Limited,KNA
11000072,165,DEPIGEST S.A.,CHE
11001078,165,BEST CORPORATE SERVICES CONSULTING COMPANY LIMITED,HKG
11012027,165,LOPAG TRUST REG.,LIE
11000087,164,FIDEPAR S.A.,CHE
11003484,164,BAKER TILLY ISLE OF MAN FIDUCIARIES LIMITED,IMN
130000019,164,IBC'S SERVICES INCORPORATED,BRB
11006340,163,TMF GROUP,JEY;GBR
11011299,163,KOSTENBAUM & ASSOCIES,CHE
11005943,161,GLOBAL TRUST ADVISORS S.A.,LUX
11010928,161,"LAWSON, ANDREW",GBR
11000976,160,MAITLAND SERVICES LIMITED (ISLE OF MAN),IMN
11013650,160,PRO CORPORATE SERVICE LIMITED,HKG
11004500,159,STANDARD BANK OFFSHORE TRUST COMPANY JERSEY LIMITED,MUS;GBR
296514,157,Deloitte & Touche - ??????????  - (Kaohsiung),TWN
11000574,157,IGMASA MANAGEMENT,AND
291690,156,HSBC International Trustee Limited (Hong Kong),HKG
11000185,155,(GENEVA CLIENT) SG PRIVATE BANKING (SUISSE) S.A.,CHE
11012773,155,TAKA CORPORATE SERVICES LIMITED,HKG
11000487,154,CABINET MAYOR,CHE
11012164,154,O.S.R. CONSULTANTS & SECRETARIES LIMITED,HKG
23000229,154,CONSTANTAKIS KNOWLES,BHS
23000531,154,Delaney Corp. (Bahamas) Ltd.,BHS
290319,153,DBS Trustee Limited,SGP
11004048,153,FRITSCH & GROZINGER AVOCATS,LUX
11004308,153,"BERESFORD SECRETARIES LIMITED, THE",JEY;GBR
23000329,153,JOAN FERGUSON & CO.,BHS
23000347,153,ECOSSE CORPORATE SERVICES LIMITED,BHS
298279,152,Ru Invest Consulting Limited,RUS
298347,152,PA Consultancy Limited,HKG
23000369,151,KPMG,BHS
294756,150,Power Fund Limited,CHN
11001794,150,RMB FINANCE S.A.,CHE
11004494,150,AFREX SAL,LBN
11007414,150,BARBOSA LAW OFFICE,USA
11011855,150,DE PFYFFER & ASSOCIES,CHE
11012445,150,PENNONE & PARTNERS S.A.,CHE
23000236,150,MICHAEL W. HORTON,BHS
230000013,150,Joyah Sutton(Not in Operation),KNA
230000098,150,Aegis Trust Company Limited,KNA
298004,149,Swiss Bancor Group,CHE
11001331,149,LINDFIELD CORPORATE SERVICES LTD,HKG
11011553,149,"BITTEL, PATRICK T.",
23000221,148,A.D. HANNA,BHS
11000664,147,CONSOLIDATED SECRETARIES LIMITED,HKG
77716,146,Charles Cheng (Secretaries) Limited,HKG
11007201,146,PARALLEL NOMINEES CYPRUS LIMITED,CYP
11011133,146,FIRST NAMES FIDUCIARIES  JERSEY  LIMITED,JEY;GBR
23000098,146,EDMOND DE ROTHSCHILD (BAHAMAS) LTD.,BHS
11003951,145,ECS INTERNATIONAL LTD (GIBRALTAR),GIB
23000044,145,BRITTANY INVESTMENT CO. LTD,BHS
296521,144,Deloitte & Touche - ??????????  - (Taichung),TWN
298277,144,Roche & Duffay,RUS
23000474,144,LION CORPORATE SERVICES LIMITED,BHS
230000023,144,R. L. Kawaja & Associates,KNA
297998,143,INTERSTATUS BUSINESS SERVICES LIMITED,CYP
298016,143,Company Express Limited (REFER TO COMMENTS BEFORE RESTORATION,KNA
11002556,142,ABA SERVICES LIMITED,HKG
290707,141,Ensol (Singapore) Pte Ltd,SGP
298283,141,Rosebery Services Ltd.,CYP
11000402,141,(GENEVA CLIENT) SEMELY CONSEIL & GESTION S.A.,CHE
11003949,141,HSBC PRIVATE BANK (LUXEMBOURG) S.A.,LUX
11005471,141,MVD GROUP FIDUCIARY SERVICES (GENEVA CLIENT),CHE
11005849,141,COMPANY REGISTRATION & BUSINESS SERVICES LIMITED,HKG
11007794,141,HARRIS SECRETARIES LIMITED,HKG
23000224,141,BOWE HENDERSON & COMPANY,BHS
11003795,140,MARKOM MANAGEMENT LTD,GBR
11005945,140,FIDUPAR S.A.,LUX
11010140,140,ABACUS FINANCIAL SERVICES GROUP LIMITED (JERSEY),JEY;GBR
11010264,140,FIDUCIOR SA,CHE
23000249,140,CAREY G. LEONARD,BHS
11000908,139,WESTWINDS OFFSHORE SERVICES LIMITED,IMN
11005487,139,SOCIÉTÉ EUROPÉENNE DE BANQUE (SEB),LUX
11006214,139,PYTHON & PETER (EX: PYTHON SCHIFFERLI PETER & ASSOCIES),CHE
11008218,139,INTERHOLD BANAS,POL
23000516,139,CAYSTONE SOLUTIONS LTD.,BHS
298184,137,I&T Consulting Ltd. ( DIFFERENT SHIP TO ADDRESS SEE MASTER CLIENT),CZE
298261,137,PPB Inc. Limited,CYP
11000096,137,INVESTMENT & FINANCIAL CONSULTANTS GROUP,CHE
23000384,137,MERCURY CORPORATE MANAGEMENT,BHS
87016833,137,"ALFARO, FERRER & RAMIREZ (ARUBA) N.V.",
230000067,137,First Nevis Trust Company Limited,KNA
11000057,136,UNION BANCAIRE PRIVEE UBP,CHE
11000377,136,SAFDICORP S.A.,CHE
123296,135,Commonwealth Trust Limited,XXX
296722,135,UBS Bridge Trustees (Jersey) Ltd,GBR
297208,135,Wiser Associates Limited,HKG
11000934,134,SVANOSIO COMPANY LIMITED,HKG
11001697,134,KLEINWORT BENSON (GUERNSEY) TRUSTEES LIMITED,GGY;GBR
32000195,134,"GIBSON, SERVILLE & CO. NASSAU",BHS
11001412,133,UBS PRIVATE BANKING DEUTSCHLAND AG,DEU
298156,132,Jordans Corporate Pte  Ltd,SGP
11000182,132,WILLOW TRUST LTD.,GGY;GBR
23000275,132,RYAN & CO,BHS
230000032,132,Mobius Trust Company Limited(Not Oper),KNA
11001176,131,FIRST NAMES TRUST COMPANY (JERSEY) LIMITED,JEY;GBR
11002113,131,INFANTE & PEREZ ALMILLANO,PAN
11002517,131,ESTUDIO JURIDICO LEDESMA Y LEDESMA,
11010982,131,PANFAIR SERVICES LIMITED,HKG
23000159,131,WILLIAM DUNCOMBE,BHS
23000313,131,THE ALEXANDER CORPORATE GROUP (FREEPORT),BHS
11002123,130,CHEER BEST SECRETARIES LIMITED,HKG
11006480,130,CORINTHIAN TRUST COMPANY LIMITED,GIB
11006719,130,"CTP, COMPANIES & TRUSTS PROMOTION S.À.R.L",LUX
298255,129,Andreas S. Petrou Law Office,CYP
11012511,129,CJF BLACKSHAW,
230000027,129,Uniglobe Trust Company Limited(Not Op),KNA
230000028,129,Vernon S. Veira & Associates,KNA
230000037,129,Cozier & Associates,KNA
11010732,128,TAKE PRETTY CONSULTANTS LIMITED,HKG
11012432,128,INTERNATIONAL LEGAL SERVICES,CYP;LVA
23000526,128,AEGIS CORPORATE SERVICES LTD.,BHS
11005228,127,(PMA CLIENT) CAMILLE FROIDEVAUX,CHE
23000234,127,HIGGS & KELLY,BHS
23000304,127,LYFORD CORPORATE MANAGEMENT LTD.,BHS
11007402,126,CHU KWING & CO. CERTIFIED PUBLIC ACCOUNTANTS,HKG
290101,125,"Credit Suisse, Hong Kong",HKG
11007765,125,CONTINENTAL FINANCIAL SERVICES LIMITED,JEY;GBR
11011729,125,CLAMORGAN S.A.,
23000519,125,HILL STREET MANAGEMENT CO. LTD.,BHS
32000202,125,DAVIS & CO,BHS
11010908,124,HONEY NOMINEES LTD.,HKG
11013111,124,KV ASSOCIATES S.A.,LUX
23000491,124,MORTON PIASETSKI,BHS
50983,123,Fansway Secretarial Services Ltd,HKG
11002091,123,CHINA INCORPORATIONS LIMITED,CHN
11002644,123,SENAT AG,LIE
87005806,123,AMTR MANAGEMENT N.V.,
11004054,122,SHENZHEN  RICHFUL WEIYE INVESTMENT CONSULTANTS LIMITED,CHN
23000119,122,CLEMENT T. MAYNARD & COMPANY,BHS
80000189,122,Appleby Management (Bermuda) Ltd.,BMU
87020251,122,IMC INTERNATIONAL MANAGEMENT & TRUST COMPANY N.V.,
11003451,121,BERNAL MEDINA LAVERDE,COL
11012015,121,GESTION DE PATRIMOINE DU RHONE S.A. (1),
11006713,120,BANQUE LBLUX S.A.,LUX
11012858,120,ALLBRIGHT LAW OFFICES (HANGZHOU),CHN
23000129,120,W & P FUND SERVICES LIMITED,BHS
11003666,119,CAVENDISH TRUST COMPANY LIMITED,IMN
11008827,119,LOWLANDS CORPORATE SERVICES LIMITED,HKG
11011659,119,DE VEER CONSULTANTS LTD.,IMN
11012361,119,DEL TOBOSO TRUST CO. S.A.,CRI
11001712,118,WEALTHY TALENT CONSULTANTS LIMITED,HKG
11012513,118,JTC  SUISSE  SA,
23000273,118,GALANIS & CO.,BHS
230000083,118,Gibraltar Trust Co. Ltd,KNA
298155,117,CORPORATERRA LTD.,CYP
11004901,117,GESTION DE PATRIMOINE DU RHONE S.A. (2),CHE
32000191,117,LEX MANAGEMENT LIMITED,BHS
298070,116,HLB Afxentiou Limited,CYP
11004298,116,GRUPO CAMPOLLO,GTM
11005265,116,NAVILUX S.A,LUX
290272,115,Y K Ho & Co,HKG
295529,115,S E A  Secretarial Limited,HKG
11010138,115,ASIA BUSINESS SECRETARIAL,HKG
11010379,115,ANGLORE S.A.R.L.,CHE
11014110,115,"MENTHA & ASSOCIES, C/O MR. GERARD BRUNNER",CHE
99133,114,Portcullis TrustNet (Singapore) Pte Ltd,XXX;SGP
291089,114,Winata Wiryaputra.,IDN
292774,114,KT First Secretary Limited,HKG
11013874,114,NEIL JOSEPH WILSON PLC,GBR
87010048,114,EUROTRUST INTERNATIONAL N.V.,
230000041,114,Administrative Trust Services Limited,KNA
240090025,114,Landmark Fiduciaire (Suisse) S.A.,
11000765,113,CONSON ACCOUNTING LIMITED,HKG
11001796,113,BANQUE BARING BROTHERS STURDZA S.A.,CHE
11002681,113,GRUPO CAMPOLLO,
11003818,113,(GVA) FIGESTOR S.A.,CHE
11006204,113,BULLDOG GLOBAL FINANCIAL SERVICES LLP,GBR
11011905,113,QUALIS WEALTH SA,
23000184,113,CLAYMORE CORPORATE SERVICES LIMITED,BHS
11001828,112,LEUMI OVERSEAS TRUST CORPORATION LIMITED.,JEY;GBR
119660,111,TMF Hong Kong Limited,HKG
291890,111,Ida Chow (Hong Kong),HKG
11000141,111,SYNERGIE S.A.,CHE
11001191,111,P & P SECRETARIAL MANAGEMENT LIMITED,HKG
11003553,111,"HANGZHOU EPLUS SCIENCE & TECHNOLOGY CO., LTD",CHN
11001080,110,TWC MANAGEMENT LIMITED,HKG
11003819,110,PAN-INVEST MANAGEMENT LTD,CYP
11004200,110,"ROMERIO, MICHELE (LUGANO CLIENT)",CHE
11009102,110,ANGLO BUSINESS ADVISORS LTD.,UKR
11012567,110,BKF BEKER FINANCE SA,CHE
11013720,110,LÉMANAGEMENT SERVICE S.A.,CHE
292476,109,Justus Law Offices - ?????????,TWN
294409,109,Wellex Consultancy Limited,HKG
11000394,109,INCORP SERVICES INTERNATIONAL LIMITED,HKG
11004977,109,(PMA CLIENT) CASTELLUM SECRETARIES LTD.,GIB
11012212,109,DANEGUILD SECURITIES LIMITED,RUS
23000066,109,MANN JUDD CORPORATE SERVICES LIMITED,BHS
295069,108,Raiskin & Revitz,USA
298314,108,RUKOS INVEST LIMITED,RUS
11001333,108,TRIDENT TRUST COMPANY (GUERNSEY) LIMITED,GGY;GBR
11011993,108,C.I. LAW TRUST GROUP,JEY;GBR
11013745,108,"FERNANDEZ G., JUAN ANTONIO",PAN
297977,107,Czerlau & Associates,CAN
11012557,107,BALCHAN MANAGEMENT LIMITED,GGY;GBR
230000058,107,Mitcham & Benjamin,KNA
298223,106,Mayfair Trust Group Limited,SYC
11000191,106,CLOSE TRUST COMPANY JERSEY LIMITED,JEY;GBR
11004929,106,ANGLO SWISS,GIB
11010066,106,WILSON CORPORATE SERVICES INT'L LTD.,HKG
11012710,106,MENTHAM SERVICES S.A.,
297612,105,Atlas Corporate Services FZ LLC,ARE
11000169,105,OAK INTERNATIONAL FIDUCIARY SA,CHE
11003261,105,TRUVEST GMBH/TRUVEX GMBH (ZUG CLIENT),CHE
11008711,103,SANTANDER PRIVATE BANKING,USA
32000203,103,CHEMICAL BANK & TRUST LIMITED,BHS
123138,102,"Potter & Associates, Inc.",XXX
11010532,102,"FONSECA MORA, RAMON",PAN
11011457,102,GVA FIDUCIARY SERVICES S.A.,
11012349,102,"ACE ""ADVISE & CORPORATE ENGINEERING"" INTERNATIONAL S.A.",CHE
11014030,102,CANDEO CORPORATE SERVICES SA,
23000386,102,K.D.A. WILLIAMS & CO.,BHS
32000188,102,MCA CORPORATE SERVICES LTD.,BHS
230000078,102,Superior Trust & Management Company Ltd(,KNA
294375,101,Pacific Century Group,HKG
297632,101,"Arosemena, Noriega & Contreras",PAN
11000401,101,(GENEVA CLIENT) SECRETAN TROYANOV & ASSOCIES,CHE
11014053,101,ATLAS TRUST COMPANY (JERSEY) LIMITED,JEY;GBR
119533,100,Anka Consultants Limited,HKG
11003012,100,NORTHERN WYCHWOOD LIMITED,IMN
11005597,100,FREEMONT LTD,CYP;LUX
11010583,100,"VAN VUUREN, ANTHONY JANSE",MCO
11013425,100,MONFRINI CRETTOL & ASSOCIES,CHE
23000431,100,JERSEY PRIVATE BANK AND TRUST,BHS
32000170,100,DUPUCH & TURNQUEST (FREEPORT),BHS
230000093,100,Asiaciti Trust Nevis Ltd,KNA
230000106,100,Heritor Management Ltd.,KNA
11010925,99,TOWER BRIDGE TRADE SERVICES S.A.,CHE
11012565,99,INTERNATIONAL SERVICES LTD.,BLZ
23000081,99,FISHER & CO.,BHS
23000442,99,UNITED MANAGEMENT SERVICES LTD.,BHS
292768,98,K & S Secretarial Limited,HKG
297636,98,Alpha Offshore Limited,GBR
298074,98,Hong Kong Accounting Taxation Limited,HKG
298340,98,Christodoulos G. Vassiliades & Co. LLC,CYP
11000403,98,(GENEVA CLIENT) BUFETE G. PRETUS,ESP
11000937,98,ESTUDIO JURIDICO VIVANCO Y VIVANCO,ECU
11002250,98,ANGLO MANX TRUST CORPORATION  LIMITED,IMN
11004026,98,AURORA PECUNIA GMBH,CHE
11006384,98,HO TAK SANG & CO.,HKG
11006715,98,CEC GROUP LIMITED,LUX
11012399,98,HBS S.A.,
294141,97,Ng Chong & Hue LLC,SGP
298221,97,"Merrill, Scott & Associates",USA
11003879,97,FIDES CAPITAL,URY
11006933,97,GLOBAL DEVELOPERS CORP.,URY
297653,96,Companies Plus Ltd.,GBR
11000069,96,SFG SOCIÉTÉ FIDUCIAIRE ET DE GÉRANCE SA,CHE
11000193,96,"BALINT, KALLAI AND  KENDE LAW FIRM",HUN
11002887,96,PEARSON LOWE,GBR
11004654,96,SOCIETE GENERALE,PAN
11011029,96,TRIDENT TRUST COMPANY LTD. (JERSEY),JEY;GBR
11013837,96,JAMES T.W. KONG & CO.,HKG
23000263,96,ERNST & YOUNG,BHS
87001981,96,AGENCIA FIDUCIARIA AEQUITAS (A.F.AEQUITAS) N.V,
296604,95,Tricor Services Limited,HKG
11000242,95,ESTUDIO LEGAL ROCA & ASOCIADOS,ESP
11002348,95,T.N. LUU HO CONSULTANTS LIMITED,HKG
11011731,95,WPS SA - WEALTH PLANNING SERVICES,
230000076,95,Tarsus Trust Company Limited,KNA
58462,94,Top Crown Consultants Limited,HKG
294249,94,New World China Enterprises Projects Limited,HKG
11000094,94,GPF S.A.,CHE
11000712,94,D&P MANAGEMENT LIMITED,GBR
11002184,94,GULF INVESTMENTS WORLDWIDE LTD.,ARE
11002740,94,LARONA TRUST REG.,LIE
11011357,94,ESTUDIO DR. RAUL DOLDAN AMARELLI,URY
11011487,94,"C & M INTERNACIONAL, S.A.",AND
240090009,94,COOK WORLDWIDE LIMITED,
297057,93,Win Belief Financial Consulting Limited ??????????,TWN
11000795,93,OCTOPUS MANAGEMENT LIMITED,GBR
11002716,93,CONTEXTO LEGAL,COL
11006497,93,DAVID HENDERSON-STEWART,
11007354,93,CITIC PACIFIC LIMITED,HKG
11008109,93,CO-SEC ACCOUNTANCY LIMITED,HKG
11010869,93,BUDIN & ASSOCIES,CHE
11013836,93,LENNOX PATON,BHS
23000138,93,MACKAY & MOXEY,BHS
298313,92,Tax Consulting U.K. Ltd.,UKR
11000150,92,ICP SERVICES,CHE
11010987,92,"KOLTOUN, VLADIMIR",RUS
11012570,92,ESTUDIO DANIEL PEREZ BLANCO,URY
293222,91,Golden China Consultants Limited,HKG
11005489,91,COMMERZBANK INTERNATIONAL S.A,LUX
11006053,91,HUNZIKER ASSOCIATES S. A.,CHE
11006503,91,A1 COMPANY SERVICES LIMITED,GBR
11010960,91,TRINITY COURT (MANAGEMENT) LTD.,GGY;GBR
11011388,91,BRUNO BROS CONSULTING LTDA.,BRA
11013704,91,HERMES GLOBAL SERVICES FZ LLE,ARE
119848,90,BDO Taiwan Union & Co - ????????????,TWN
11002692,90,SECTOR TRUST COMPANY LIMITED,JEY;GBR
11002977,90,ISLE OF MAN FINANCIAL TRUST LIMITED,IMN
11011902,90,JC CONSULTING CO. SARL,
11013138,90,ARENA WEALTH MANAGEMENT,LUX
23000022,90,COTTISLAW,BHS
23000087,90,BANCO ATLANTICO (BAHAMAS) BANK & TRUST,BHS
291648,89,Hongkong Managers & Secretaries Limited,HKG
294250,89,New World China Land Limited,HKG
295133,89,R & C Corporate Services Limited,HKG
11000442,89,ILEX TRUST LUGANO S.A.,CHE
11005698,89,HORIZON INVESTMENT S.A.,
11010318,89,VALLA LIMITED,JEY;GBR
11010735,89,PROFESSIONAL TRUST COMPANY LIMITED,JEY;GBR
230000088,89,JHT Law Firm,KNA
123305,88,Commonwealth Trust Limited - Hong Kong Shelf,XXX
294256,88,NWS Holdings Limited,HKG
11000475,88,GLOBAL STAR CONSULTANTS LIMITED,HKG
11000589,88,AMIN & CO.,GBR
11003747,88,FEDERICO DE VITTORI S.A. (LUGANO CLIENT),CHE
11007829,88,ANA MARIA SERRANO BARONA,COL
11009986,88,"SUCRE, ARIAS & REYES",PAN
11011309,88,APEX BUSINESS SERVICES LIMITED,HKG
11011898,88,"SCHMIDT,  PHILIPPE",
23000114,88,CALEDONIA CORPORATE MANAGEMENT GROUP LTD,BHS
23000207,88,CHARLES MACKEY,BHS
230000034,88,Sovereign Offshore (Not in Operation),KNA
294547,87,P.C. Woo & Co,HKG
11000086,87,FB TRUSTEES S.A.,CHE
11001160,87,GOOD CORPORATE ADVISORY LIMITED,HKG
11003965,87,LIBERATION MANAGEMENT LIMITED,GGY;GBR
11011579,87,MINERVA TRUST COMPANY (SWITZERLAND) S.A.,
11011897,87,RHONE GESTION S.A.,
11012869,87,TRUSTCORP (JERSEY) LIMITED,JEY;GBR
11013856,87,FIRSTRAND TRUSTEES LIMITED,GGY;GBR
23000124,87,BROUGHTON CARTWRIGHT,BHS
298199,86,Menwin Business Consultants Limited,CYP
11000037,86,ISAAC ELBAZ,CHE
11004820,86,T & T SECORP LIMITED,HKG
11011056,86,LUTEA TRUSTEES LIMITED,JEY;GBR
11011564,86,GONARY S.A.,URY
11012679,86,"SHANGHAI XINYS MANAGEMENT CONSULTANTS CO., LTD.",CHN
23000494,86,BDS CORPORATE SERVICES LIMITED,BHS
292857,85,Lam & Chui CPA Limited,HKG
294288,85,Offshore Nexus Management & Secretarial Services,SGP
11001051,85,FIDUCIARY MANAGEMENT LIMITED,GIB
11001815,85,L. PAPAPHILIPPOU & CO.,CYP
11008870,85,APPLEBY TRUST (JERSEY) LIMITED,JEY;GBR
11013763,85,VICTOR LING SECRETARIES LIMITED,HKG
87006130,85,VOKAD ARUBA N.V.,
11004083,84,"INTERPACIFIC INCORPORATION SERVICES CO., LTD.",HKG
11011375,84,LOMBARD TRUST S.A. (EX-CITCO),CHE
11012034,84,SUPREME CORPORATE SERVICES LIMITED,HKG
291483,83,"Hedge Funds Services (BVI), Ltd.",VGB
298238,83,OFFSHORE BUSINESS CONSULTING & SERVICES LIMITED,CHN
11000298,83,LAKESIDE ASSOCIATES S.A.R.L.,CHE
11008499,83,MONTAGUE LAMBERT,GBR
11010041,83,SALAMANCA GROUP TRUST  SWITZERLAND  SA.,CHE
11010277,83,EUROPLAN FINANCIAL SERVICES LIMITED,JEY;GBR
11010384,83,GONZALO FAJARDO & ASOCIADOS,CRI
11010501,83,PELLERANO & HERRERA,DOM
11010996,83,INVEST CONTROL S. A.,LUX
11011334,83,DUNCAN LAWRIE OFFSHORE SERVICES LTD.,IMN
11011962,83,"CORDON, OVALLE & ASOCIADOS",GTM
23000488,83,PMA CORPORATE SERVICES (BAHAMAS) LTD.,BHS
230000051,83,Total Management Services Limited,KNA
240090081,83,Global Family Advisors,
294890,82,Portcullis Fund Administration (S) Pte. Ltd,SGP
11001616,82,BAKER TILLY HONG KONG BUSINESS SERVICES LIMITED,HKG
11001877,82,ASAEL T. SORENSEN,USA
11003063,82,DE GRANDPRÉ CHAIT,CAN
11007954,82,BROOKLAND S.A. (SWITZERLAND),CHE
11009741,82,HANGZHOU LINGC COMMERCIAL LTD.,CHN
11010096,82,CJF HIGSON,CHE
11011171,82,KAM CHING YU CPA LIMITED,HKG
230000019,82,Myrna Walwyn & Associates,KNA
230000085,82,Heritage Services Ltd,KNA
291738,81,HSBC Trustee (Singapore) Limited,SGP
11002069,81,"MINGTAO CONSULTANTS CO., LTD.",CHN
11002894,81,HONG KONG ACCOUNTING TAXATION LIMITED,HKG
11010175,81,DALIAN LC INVESTMENT LTD,CHN
11011771,81,DCA CONTADORES & ASOCIADOS,URY
11011772,81,VISTRA TRUST COMPANY (JERSEY) LIMITED,GBR
23000299,81,KUZNIECKY & CO. BAHAMAS LIMITED,BHS
23000392,81,MANAGEMENT & SERVICE LIMITED (FREEPORT),BHS
32000013,81,RHONE TRUSTEES (BAHAMAS) LTD.,BHS
32000237,81,LENNOX CORPORATE SERVICES LIMITED,BHS
80039478,81,MUFG Fund Services (Bermuda) Limited,BMU
123319,80,Caledon Investors,XXX
289477,80,Chandler Partners Limited,HKG
291708,80,HSBC Private Bank (Suisse) SA (Singapore),SGP
11000789,80,CHARTER LANE CORPORATE CONSULTANT LIMITED,HKG
11002076,80,CHIMEL TRUSTEE COMPANY LIMITED,JEY;GBR
11002122,80,HAWORTH & LEXON,CHN
11003995,80,NICOLE DIDI,CHE
11007628,80,CHILD & CHILD,GBR
23000171,80,ROUSSEAU & COOPER COMPANY LIMITED,BHS
290421,79,Ernst & Young (Taipei) ????????,TWN
11000930,79,RAMENTOL PUJOL,AND
11001003,79,PANAMA SERVICES S.A.,PAN
11006020,79,QUESTSIDE MANAGEMENT LT,GBR
11006043,79,DFJSWISS LLC,CHE
11007018,79,UNICREDIT LUXEMBOURG S.A.,LUX
11008392,79,THE LAW TRUST LIMITED,IMN
296515,78,Shelf Portfolio - Portcullis TrustNet (BVI) Limited,VGB
11000275,78,SCHMIDT JATON &  ASSOCIES (GE),CHE
11011775,78,SHOM CHUN PO CPA & CO.,HKG
23000025,78,Clairmont Trust Company Limited,BHS
23000503,78,CBH (BAHAMAS) LTD.,BHS
87030321,78,SGG MANAGEMENT (ARUBA) N.V.,
293583,77,Margaret Yang (UBS - Taipei),TWN
11000337,77,VERTEX S.A.,CHE
11001750,77,FIRST NAMES GUERNSEY LIMITED,GGY;GBR
11004330,77,CORPORATE AND CHANCERY GROUP LIMITED,MUS
11011269,77,SALSAC MANAGEMENT LIMITED,JEY;GBR
97754,76,Simplex Capital Asia Limited,HKG
291642,76,Honorway Corporate Services Limited,HKG
11000010,76,SYL LOGIC SERVICES SA,CHE
11005509,76,NOBLE TRUST COMPANY AG,CHE
11011116,76,AGANIN & ASSOCIATES LAW OFFICE,RUS
11012082,76,PHILEAN TRUST COMPANY LIMITED,JEY;GBR
119114,75,TMH Secretarial Services Limited,HKG
298226,75,New Company Offshore Limited,CHN
11003022,75,SHANDONG BRIDGE LAW OFFICE,CHN
11003055,75,ATHENAEUM TRUST COMPANY LTD. (IOM),
11003662,75,LOUIS LAI & ASSOCIATES LIMITED,HKG
11004389,75,CARLOS MATA HANZE,ECU
11004406,75,FIRST NAMES GROUP (CYPRUS),JEY;CYP
11006117,75,CABINET D’AVOCATS FALTZ & FELGEN.,LUX
11006356,75,AUDICONSULT S.A.,CHE
11007921,75,LENNOX BUSINESS CONSULTANTS LTD,HKG
11010815,75,"PSM CORPORATE SERVICES, INC.",USA
11011831,75,SINCERE SECRETARIES & NOMINEES LTD.,HKG
11012229,75,FIFO TRUST LIMITED,GGY;GBR
23000370,75,ROYAL BANK OF CANADA (PRIVATE),BHS
23000412,75,SEYMOUR & CO.,BHS
23000505,75,CAYSIDE TRUST COMPANY LIMITED,BHS
289974,74,Chui and Lau Management Company Limited,HKG
296584,74,Transfield Resources Limited,HKG
297026,74,Wan-Shin Certified Public Accounting Firm - ????????,TWN
11000652,74,PRIVATE TRUST INTERNATIONAL,CRI
11000773,74,MARLBOROUGH TRUST COMPANY LIMITED,GGY;GBR
11003013,74,UNION ALPHA BUSINESS SERVICES LIMITED,HKG
11004032,74,TAURIN MANAGEMENT ANSTALT,LIE
11004427,74,UNION BANCAIRE PRIVÉE UBP (SWITZERLAND),CHE
11005594,74,WILDGEN & PARTNERS,LUX
11009204,74,GRANDHALL SECRETARIAL SERVICES LIMITED,HKG
23000121,74,AMERICAS INTERNATIONAL BANK CORP.,BHS
32000147,74,THE ALEXANDER CORPORATE GROUP (FREEPORT),BHS
230000074,74,Larkland M. Richards,KNA
289376,73,"Citibank, N.A. (Singapore)",SGP
296151,73,Synergy Group Ltd ????????????,TWN
296496,73,"Chung Kit Ling, Elaine",HKG
11001554,73,STRATH CORPORATE SERVICES LTD.,HKG
11001621,73,REMACO AG,CHE
11001807,73,ESTUDIO CR. CATERINA GOMEZ LAGAS,URY
11004452,73,SME CORPORATE SERVICES LIMITED,HKG
11006518,73,MINGTAT BUSINESS CONSULTANT LIMITED,CHN
11006950,73,BANQUE HAVILLAND,LUX
11012427,73,PG TRUSTEES LIMITED,GGY;GBR
87000579,73,FIRST INDEPENDENT TRUST (ARUBA) N.V.,
292769,72,K & S Secretarial Limited (Scan Ngai Company Limited),HKG
11000428,72,BERNADETTE GICQUEL & CO.,HKG
11001719,72,EMD ADVISORY SERVICES LIMITED,MLT
11001875,72,WORLD BUSINESS COMMERCIAL CORP,URY
11005946,72,CRÉDIT AGRICOLE LUXEMBOURG CONSEIL,LUX
11006551,72,RELIANCE CAPITAL S.A.,CHE
11006554,72,CHANNEL ISLANDS & INTERNATIONAL LAW TRUST CO. LIMITED,JEY;GBR
11006804,72,INTERINVEST S.A.,LUX
11006980,72,BANQUE DEGROOF LUXEMBOURG SA,LUX
11008032,72,VARDIKOS & VARDIKOS,CYP;GRC
11010296,72,COMPADVISE LIMITED,HKG
290315,71,DBS Private Banking,SGP
294099,71,RSM Nelson Wheeler,HKG
296730,71,UBS AG (Taipei),TWN
11000392,71,"GENPRO CONSULTING, INC.",TWN
11000739,71,VICTORIA SECRETARIES LIMITED,HKG
11005595,71,BANQUE PRIVEE EDMOND DE ROTHSCHILD EUROPE,LUX
11010979,71,SINCERITY SECRETARIAL LIMITED,HKG
11011246,71,FRANK WONG & CO.,HKG
23000254,71,PETER D. MAYNARD & COMPANY,BHS
23000335,71,BARRY A. SAWYER,BHS
23000388,71,EURO CANADIAN TRUST COMPANY,BHS
297664,70,C&A Limited,UKR
11000127,70,NOVA ATLANTIS S.A.,CHE
11001629,70,DALE INTERNATIONAL TRUST COMPANY LIMITED,MUS
11010254,70,ATHENA FINANCIAL SERVICES LIMITED,JEY;GBR
11011002,70,GUYER & REGULES - G&R,URY
11011091,70,YUEXIU PROPERTY COMPANY LIMITED,HKG
11012248,70,QUORUM TRUST GROUP,JEY;GBR
23000452,70,EDWARD B. TURNER,BHS
11000438,69,HOLLINGWORTH CONSULTANTS LTD.,GBR
11002367,69,FREEPORT TRUST COMPANY LIMITED,IMN
11002440,69,MOSSFON CORPORATE SERVICES (BERMUDA) LIMITED,BMU
11002578,69,DR. K. CHRYSOSTOMIDES & CO.,CYP
11009785,69,WAYAHEAD CONSULTANT LIMITED,HKG
11010375,69,JESSE H.Y. KWOK & CO.,HKG
11012618,69,FIDUCIANA VERWALTUNGSANSTALT,LIE
23000178,69,WILLIAMS LAW CHAMBERS,BHS
23000419,69,BERENCIA ISAACS ASSOCIATES,BHS
130000009,69,CORPORATE MANAGERS (B'DOS) LTD.,BRB
11001031,68,"KHEDARUN, MOHAMMED FAWZI",MUS
11003298,68,GC CORP. LTDA,URY
11004457,68,GECKO CORPORATE SERVICES,IMN
11010441,68,"(PMA CLT) HOOGEWERF & CIE, BCSI",LUX
11012621,68,GESTINA MANAGEMENT LTD.,LIE
294706,67,PKWA Law Practice LLC,SGP
294809,67,Integritas Secretarial Limited,HKG
11000312,67,MAITLAND MALTA LIMITED,CHE
11000321,67,TAITNYS MANAGEMENT LIMITED,IMN
11009401,67,CITIZEN'S SECRETARIAL SERVICES & CO.,HKG
11009604,67,C.W. MOK & CO.,HKG
11011308,67,PROSPERA EUROPE LTD,MLT
11011559,67,PEGASUS TRUST,IRL
11012374,67,"GAGLIARDI, ALESSANDRO",MCO
290416,66,Ernst & Young (PRC),TWN
292457,66,JUMBO STAR GROUP LIMITED,HKG
294408,66,"Pang, Hon & Partners",HKG
297161,66,Mr. Wilfred Lam,HKG
298229,66,NOVA Trust Group,NLD
11000954,66,PRIVILEGE MANAGEMENT SERVICES LIMITED,IMN
11001275,66,CASTLE TRUST & MANAGEMENT SERVICES LIMITED,GIB
11001622,66,INDUSTRIE- UND FINANZKONTOR/ ADCO TRUST,LIE
11001821,66,"MIZRACHI, DAVARRO & URRIOLA",PAN
11002604,66,CBR PRIVATINVEST AG,CHE
11004819,66,ALF CONSULTING S.A.,
11004831,66,PRICEWATERHOUSE COOPERS  (JERSEY),JEY;GBR
11006479,66,"NASCENCE BUSINESS CONSULTANTS CO,.LTD",CHN
23000453,66,"GLC Corporate Services Ltd.,",BHS
289514,65,Chan & Chang Business Consulting Co.,CHN
291224,65,ALLSHORES FIDUCIARY SERVICES PTE LTD,SGP
298246,65,Orianda Management FZ  LLC,ARE
11000047,65,PIERRE RICHA & PARTNERS S.A.,CHE
11003504,65,PENTERA TRUST COMPANY LIMITED,JEY;GBR
11006557,65,INTERCORP INTERNATIONAL GROUP,USA
11012055,65,CREDIT AGRICOLE (SUISSE) SA,CHE
11012080,65,"SHORTT, THOMAS - BARON GALMOY",GBR;ESP
11013915,65,INTER-CONTINENTAL MANAGEMENT LIMITED,IMN
289493,64,"Chainye Management Consulting Co., Ltd. - ????????????",TWN
294123,64,Newhaven Group,GBR
294534,64,PCCW Limited,HKG
11000102,64,INTER DEVELOPMENT CONSULTING S.A.,CHE
11001720,64,SINELS ADVOCATES,JEY;GBR
11003223,64,"ANS ABOGACIA, NEGOCIOS Y SERVICIOS, S. A.",CRI
11004815,64,"VELEIRO, MIHALITSIANOS & DE LA ESPRIELLA",PAN
11010353,64,INTERTRUST INTERNATIONAL MANAGEMENT LIMITED,GGY;GBR
11012911,64,OLGA SANTINI,
11014105,64,"BIONDA, LIC. ALAIN",CHE
23000125,64,MID-OCEAN CONSULTING LTD.,BHS
292677,63,King & Company,HKG
297254,63,Wonder Gold Consultants Ltd.,HKG
298179,63,LL. B. Accounting Services Limited,HKG
298264,63,Panama Services,PAN
11000128,63,PARKDALE INVESTMENTS S.A.,CHE
11007207,63,CLEARWATER INVESTMENTS,IMN
11007797,63,FERMAIN LEGAL SERVICES LIMITED,GGY;GBR
11012099,63,"ANDERSEN BUSINESS SERVICES, INC.",RUS
23000202,63,BOWE & MACKAY,BHS
23000205,63,CLP CORPORATE SERVICES LTD,BHS
86014,62,Goh Kiat Joo,SGP;XXX
11002070,62,"FUNG, YU & CO. CPA LIMITED",HKG
11002606,62,HAUSHEER & PARTNER,CHE
11007007,62,FINANCIAL CONSULTANTS (JERSEY) LIMITED,JEY;GBR
11010040,62,Y.T. LO & CO,HKG
11011603,62,"SAVILL-MF, VAL",MCO
11011629,62,VFS INTERNATIONAL LTD,MUS
11012129,62,ALBERTO RAVEN ODIO,CRI
23000175,62,PRICEWATERHOUSECOOPERS (BAHAMAS) FREEPOR,BHS
23000484,62,BEHRING INT'L ASSET MANAGEMENT LIMITED,BHS
23000496,62,GRC CORPORATE SERVICES LTD.,BHS
289282,61,B & W (HK) Secretary Limited,HKG
11000354,61,LAU LEIGH CHOI CONSULTANTS LIMITED,HKG
11004196,61,MR. FRANCESCO BARCA,MCO
11010382,61,KINETIC CORPORATE SERVICES LTD.,HKG
11010903,61,FENCHURCH TRUST LIMITED,JEY;GBR
23000227,61,EVANS & CO.,BHS
23000314,61,ALLIANCE BANK & TRUST,BHS
32000182,61,SCOTIABANK (BAHAMAS) LIMITED,BHS
240090005,61,APEX INTERNATIONAL CONSULTING SA,
119672,60,BOARDROOM CORPORATE SERVICES (HK) LIMITED,HKG
11000076,60,"FAFALEN,  LIC. SERGE",CHE
11001710,60,(PMA CLT) HILAL AL EMARAT GENERAL TRADING,ARE
11003491,60,"SHENZHEN 5CONTINENT CONSULTING CO., LTD.",CHN
11005823,60,LAVY HANCOX MANAGEMENT LIMITED,JEY;GBR
11006790,60,CORPORATE BUSINESS CENT,GBR
11007593,60,CONSULTORIA Y GESTION INTEGRAL,COL
11010251,60,NPC GROUP S.A.,CAN
11010984,60,RUBEN WEISZMAN & ASOCIADOS,URY
11011248,60,MARXER & PARTNER RECHTSANWALTE,LIE
23000111,60,DARTLEY BANK & TRUST,BHS
23000397,60,STEPHEN WILCHCOMBE (FREEPORT),BHS
119183,59,Anthony C C Kam & Co.,HKG
290379,59,"Deutsche Bank AG, Hong Kong",HKG
292663,59,Kim Eng Securities (Hong Kong) Limited,CHN
297681,59,Chalfen Services Limited,GBR
11000036,59,"DUPONT-WILLEMIN, ALBERT-LOUIS",CHE
11000528,59,SELECTIVE MENAGEMENT S.A.,CHE
11000557,59,MARIA NOEL OTERO PERRONI,URY
11001688,59,MASSWIDE CONSULTANCY LIMITED,HKG
11004228,59,SMARTFAITH SERVICES LIMITED,HKG
11004504,59,ESTUDIO DIX-KOHLSDORF,URY
11009350,59,READY SECRETARIES & NOMINEES LTD.,HKG
11010402,59,CHARTER MANAGEMENT LIMITED,GGY;GBR
11012386,59,PROFESSIONAL DIRECTORS LIMITED,GBR
11012606,59,CAPCO TRUST JERSEY LIMITED,JEY;GBR
23000489,59,BAVT CORPORATION LIMITED,BHS
130000033,59,DELANY CORPORATE SERVICES LTD,BRB
295972,58,Bridge Street Services Limited,CYM
297003,58,Florence & James,IDN
11001356,58,SINOMIX  & CO. CPAS,HKG
11006221,58,LM & CO. S.A.,LUX
11008112,58,ORILLAC & CO.,PAN
11010209,58,PACIFIC CONCORD HOLDING LIMITED,HKG
11010529,58,ING TRUST (LUXEMBOURG) S.A.,LUX
23000008,58,Scirocco Corporate Services (Bahamas) Lt,BHS
23000371,58,BANK AMERICA TRUST & BANKING CORP.,BHS
130000038,58,Clarke Gittens & Farmer,BRB
290682,57,Elwin Consultancy Company Limited,HKG
294810,57,ALFASERVE CONSULTANTS LIMITED,CYP
11001312,57,HKRTP LIMITED,HKG
11004629,57,TOPSHANGWU.COM LIMITED,CHN
11009442,57,UBS AG (ZURICH),
11010782,57,AKIN PROFESSIONALS LIMITED,HKG
11012778,57,KERDOS ASSET MANAGEMENT AG (ZUG CLIENT),CHE
23000394,57,CIT (BAHAMAS) LIMITED,BHS
32000207,57,A.D. HANNA,BHS
291209,56,Northstar Pacific Partners Pte Ltd,IDN
294389,56,PA Corporate Advisory Services Limited,HKG
296762,56,United CPA & Co.,HKG
11000134,56,"ETUDE DE MES REYMOND, ULMANN & FISCHELE (THIERRY ULMANN)",CHE
11000807,56,ESTUDIO JURIDICO ORTEGA MOREIRA & ORTEGA TRUJILLO ABOGADOS,ECU
11002349,56,GRUPO LEGAL CONSULTIVO LEGAL-GROUP,VEN
11010374,56,FINSBURY TRUST & CORPORATE SERVICES LIMITED,GIB
11011070,56,KINGSTON MANAGEMENT ISLE OF MAN  LIMITED,IMN
11011966,56,T.Y. YING & CO.,HKG
11012372,56,BAUER & ALBISETTI (GENEVA),CHE
23000216,56,"ADDERLEY, GRIMES & COMPANY",BHS
23000261,56,"GIBSON, SERVILLE & CO. NASSAU",BHS
23000499,56,MICHAEL C. MILLER,BHS
296479,55,T & J International Limited ????????,TWN
11000013,55,MOURANT & CO. SECRETARIES LIMITED,JEY;GBR
11000507,55,LUKE MANAGEMENT SERVICES LIMITED,HKG
11002745,55,TOENDURY + PARTNER AG,LIE
11004154,55,CONCEPT GROUP LIMITED,GGY;GBR
11006215,55,MERALIS CHARTERED ACCS.,GBR
11006923,55,LWM S.A.,LUX
11007933,55,MINERVA MIDDLE EAST JLT,ARE
11009946,55,"OCHOA, MANUEL LIC.",PAN
11012110,55,HANG LUNG GROUP LIMITED,HKG
32000215,55,"NOTTAGE, MILLER & CO.(FREEPORT)",BHS
95167,54,CORPORATE OFFSHORE CONSULTANTS PTE LTD,SGP
292748,54,KPMG - (Taichung) ??????????,TWN
298008,54,Flexi International LLC,CYP
11001217,54,CONTADORES ZOLKWER Y ASOC. AUDITORES Y CONSULTORES,URY
11003604,54,JSMC LLC,TUR
11004676,54,INTERNATIONAL MANAGEMENT CONSULTANTS LIMITED,HKG
11004729,54,ARIZAGA & CO,ECU
11006133,54,EDUARDO ENRIQUE RODRIGUEZ MUÑOZ,COL
11006498,54,MF INTERNATIONAL LEGAL SERVICES LIMITED,HKG
11007113,54,OCS MANAGEMENT SERVICES LTD.,CYP
11008486,54,INT.OFFSHORE SERVICES G,GBR
11010528,54,NEDGROUP TRUST LIMITED OF FAIRBAIRN HOUSE,JEY;GBR
11011245,54,OFFSHORE CORPORATE SERVICES LIMITED (IOM),IMN
11011474,54,IBS/LUXOFT,USA
11011717,54,SG HAMBROS BANK & TRUST (BAHAMAS) LIMITED,BHS
11012754,54,HAPOALIM FIDUCIARY SERVICES,JEY;GBR
23000150,54,FIDENAS INT'L BANK LIMITED,BHS
23000323,54,WELLS-CARMONA GOTTLIEB & CO,BHS
119489,53,Anderson Group Limited,HKG
291487,53,HERITAGE FIDUCIARY SERVICES PTE LTD,SGP
293073,53,"LGT BANK, SINGAPORE",SGP
296519,53,Shelf Portfolio - Portcullis TrustNet Group (Problems),VGB
11000300,53,ESTUDIO CR. ABASOLO,URY
11002462,53,CHATEAU FIDUCIAIRE S.A.,CHE
11003846,53,T.R. SOUTH AND CO.,GBR
11004033,53,UNI-TECH BUSINESS CONSULTANTS CO. LTD,HKG
11004703,53,JESUS BARDERAS,PAN
11007941,53,DATTANI CH.ACCS.,GBR
11008617,53,WATERMAN CORPORATE SERVICES (UK) LIMITED,GBR
11009975,53,CAMBRIDGE TRUST CO. LIMITED,JEY;GBR
11010495,53,ATLANTIC TOWER S.A.,URY
11011417,53,DIACORE GROUP,
11011989,53,VINCENT MAK MANAGEMENT CONSULTANTS LIMITED,HKG
23000333,53,CHANCELLORS CORPORATE SERVICES LTD.,BHS
135069463,53,CONNIE SMITH KATHERYN A.,
119845,52,Bank Julius Baer & Co. Ltd.,SGP
289531,52,Chartac Secretaries Limited,HKG
290577,52,East Trade Limited,HKG
293344,52,Loong & Yeung Solicitors,HKG
294456,52,"Patrick Yam and Company, CPAs",HKG
297701,52,Capital Premier Ltd.,GBR
298280,52,COVENANT MANAGEMENT CONSULTANCY,ARE
11000230,52,"STARTRADE MANAGEMENT, LDA",PRT
11000878,52,CAPITA TRUSTEES LIMITED,JEY;GBR
11002563,52,PARESOCI COMPAÑÍA LIMITADA,ECU
11003137,52,YEUNG AND CO CHARTERED ACCOUNTANTS,HKG
11005687,52,EFG BANK (LUXEMBOURG) S.A.,LUX
11006871,52,ETUDE LORANG & WINGERTER,LUX
11008125,52,RM COMPANY SERVICES LIMITED,GBR
11008354,52,BENJAMIN CUBIDES,COL
11011409,52,EUROFIN SERVICES S.A.,
11011774,52,"LUSSICH TORRENDELL, CR. SANTIAGO",URY
11013579,52,FIDUCIAIRE LEMAN TRUST SARL,CHE
23000231,52,"NOTTAGE, MILLER & CO.(NASSAU)",BHS
58907,51,Pearl Oriental Corporation Limited,HKG
122973,51,Frank Goh,XXX
291441,51,Harris Fraser (HK) Limited,HKG
292959,51,Leader Management Company Limited,HKG
294045,51,M Y Wu & Co ????????,TWN
296732,51,"UBS Financial Consulting AG,Taiwan Branch",TWN
11000092,51,GS MANAGEMENT S.A. (EX: GLANVILLE),CHE
11000266,51,CP-CREDIT PRIVE S.A.,CHE
11000868,51,GREAT HARVEST (HOLDINGS) LIMITED,HKG
11002064,51,"SHENZHEN CITY ZHI JIAN INVESTMENT CONSULTING CO., LTD.",CHN
11002423,51,REDMOUNT TRUST COMPANY LIMITED,GIB
11002662,51,SUAREZ & ASOCIADOS CONSULTORIA EMPRESARIAL,COL
11003396,51,HONG KONG DEHENG PROFESSIONAL SERVICES  CONSULTING  COMPANY LIMITED,HKG;CHN
11003552,51,BANCA PRIVADA DE ANDORRA - BPA SERVEIS,AND
11003813,51,BANQUE DE GESTION E. DE ROTHSCHILD MONACO,MCO
11004136,51,HONGKONG MANAGERS & SECRETARIES LTD.,HKG
11006324,51,"DARLINGTON, HENRY",PAN
11010929,51,INCOSERV LTDA.,CRI
11012449,51,JEFFCOTE DONNISON (OVERSEAS) LIMITED,IMN
11012848,51,BELHOT-GONZALEZ LERENA ASESORES LEGALES Y FINANCIEROS,URY
11013270,51,BUSINESS LINK HOLDINGS LIMITED,HKG
23000017,51,ARGUS ADVISORS (FREEPORT),BHS
23000052,51,VALENTINE S. GRIMES,BHS
23000116,51,FINCARE MANAGEMENT LIMITED,BHS
80015201,51,Appleby Management (Mauritius) Ltd,
27729,50,Fletcher Kennedy Ltd.,GBR
123061,50,L.A. Corporate Services Limited,XXX
294225,50,Norcola Company Limited,HKG
298194,50,Lighthouse Unternehmensberatung GmbH,AUT
11000060,50,MULTIFIDUCIAIRE GENEVE S.A.,CHE
11001053,50,MOUNTFIELD SERVICES LIMITED,GGY;GBR
11002658,50,PASCHE BANK & TRUST LIMITED,BHS
11005589,50,CLOSE TRUSTEES (GUERNSEY) LIMITED,GGY;GBR
11005593,50,MC GAW LAW OFFICE,LUX
11006219,50,MANAGEMENT AND CONTROL INC.,CHE
11007012,50,DUCREST HEGGLI AVOCATS LLC,CHE
11007223,50,SERVICES GÉNERAUX DE GESTION S.A.,LUX
11009267,50,TONIS GROUP LIMITED,HKG
11009632,50,BBO INTERNATIONAL PRIVATE BANK,COL
11011725,50,FERRERE ABOGADOS,URY
11013121,50,FIDUCIA GENERAL SERVICES SARL (FGS),LUX
11014107,50,ROBERT BRINER,CHE
23000358,50,LEX BAHAMAS CORPORATE SERVICES LTD.,BHS
32000206,50,BOWE & MACKAY,BHS
80045804,50,Computershare Hong Kong Investor Services Limited,HKG
230000061,50,SPECTRUM MANAGEMENT & CONSULTING LTD.,KNA
230000091,50,Hamoron Services Limited,KNA
291097,49,Gateway 21 Consultants Pte Ltd,SGP
11000174,49,SOCINVEST FINANCE SA,CHE
11003993,49,"MORDECHAI  KUPERSCHMIDT, ADVOCATE",ISR
11005592,49,FACTS SERVICES S.A.,LUX
11009022,49,FAITH CORPORATE SERVICES LTD.,HKG
11010465,49,(PMA CLT) SOCIETE FIDUCIAIRE DU MONT-BLANC SA,CHE
11010927,49,ISLAND RESOURCES LIMITED,IMN
11011253,49,RIVEIRO Y ASOCIADOS,ARG
11011349,49,DEACONS CORPORATE SERVICES,HKG
23000033,49,BOSTICK LAW PARTNERS,BHS
23000104,49,STERLING SECURITIES INTERNATIONAL,BHS
23000363,49,ELLIOT B. LOCKHART,BHS
87017357,49,ORANGEFIELD (ARUBA) N.V.,
230000045,49,Leroy V Matthew (LICENSE REVOKED),KNA
289507,48,Chang Leung Hui & Li C.P.A. Limited,HKG
290855,48,"Gold-In ConsultingCo., Ltd - Transfer In",TWN
295264,48,Robert Chui & Co,HKG
295747,48,Sincere Secretaries & Nominees Ltd,HKG
295816,48,Societe Generale Bank & Trust - (Singapore Office),SGP
296564,48,"Top Vision International Co., Ltd ??????????",TWN
298308,48,SinoMix Business Solution,HKG
11002134,48,SIT FUNG KWONG & SHUM,HKG
11002252,48,ST PETERS TRUST COMPANY LIMITED,GGY;GBR
11002506,48,ACIA AVIATION LIMITED,IMN
11002759,48,LANDMARK FIDUCIAIRE (SUISSE) SA,CHE
11002796,48,PKF - DUBAI (RATAN S. MAMA & CO).,ARE
11004358,48,ALESSANDRO DESSIMONI,BRA
11004483,48,BARRETO & PARTNERS SÀRL,CHE
11006924,48,LCG INTERNATIONAL AG,LUX
11008567,48,NOAH HOLDINGS HONG KONG LIMTED,HKG
11011034,48,CBH (BAHAMAS) LTD.,BHS
11012056,48,LEUMI PRIVATE BANK SA,CHE
23000477,48,COUTTS TRUSTEES (BAHAMAS) LIMITED,BHS
32000180,48,JAMES M. THOMPSON,BHS
291580,47,Hongkong China Consultancy Limited,HKG
293908,47,Mohanan Aniyath,ARE
295176,47,RGM International Pte Ltd,SGP
11002552,47,LAM  LEMAN ASSET MANAGEMENT S.A.,CHE
11002609,47,OLEXCO S.A.,CHE
11002910,47,"IAN J. FFRENCH, FCA",CHE
11003821,47,G & C BUSINESS CONSULTANT LIMITED,CHN
11004017,47,HORIZON TRUSTEES (SUISSE) SA,CHE
11006284,47,MAITLAND LUXEMBOURG S.A.,LUX
11007155,47,PRITCHARDS SECRETARIAL SERVICES LIMITED,GGY;GBR
11010933,47,BARCLAYS PRIVATE BANK & TRUST LIMITED,JEY;GBR
11011808,47,ROBINSON ENTERPRISES LTD.,HKG
11013261,47,JOSÉ MAURICIO MARÍN ELIZALDE,COL
11013942,47,KATZ & LOPEZ,PAN
23000199,47,BOSTWICK & BOSTWICK,BHS
130000032,47,THE CORPORATE SECRETARY LIMITED,BRB
87691,46,Lanny Angkosubroto,SGP
291661,46,OneWorld Ltd,CYP
293276,46,"Li, Wong & Lam -- (Merged to Master Client Code:LWLWI)",HKG
294037,46,Margaret Yang (40 BVI),TWN
298066,46,GAMOLIN QUINN VYZHLOV LLP,RUS
11001278,46,HAMELS OVERSEAS LIMITED,IMN
11003046,46,GONZALEZ & RODRIGUEZ PL,USA
11004652,46,"GAMOLIN QUINN VYZHLOV, LLP",RUS
11005122,46,"MR. ROBIN, SHEN ZHU SHI",CHN
11005671,46,CYWORLD OFFSHORE BUS.CT,GBR
11007690,46,SANNE GROUP,JEY;GBR
11010976,46,MOSSACK FONSECA GUATEMALA,GTM
11011666,46,PRICEWATERHOUSECOOPERS  INTERNATIONAL BUSINESS SERVICES LTDA,URY
11012860,46,SANDRA CABEZAS Y PIERO RUSCONI,SLV
11013853,46,F. S. LI ASSOCIATES LIMITED,HKG
23000337,46,CAMBRIDGE LAW CHAMBERS,BHS
32000190,46,MAILLIS & MAILLIS,BHS
32000196,46,CHASE MANHATTAN PRIVATE BANK & TRUST COM,BHS
87012577,46,CANNOTTO NV,
130000008,46,Colybrand Company Services Limited,BRB
45166,45,Lenz & Staehelin,CHE
289368,45,Coudert Brothers LLP,SGP
294404,45,Pamela Neo Management Services Pte Ltd,SGP
294417,45,PAN OCEAN TAX & MANAGEMENT SERVICES LIMITED,HKG
296720,45,UBS AG PRIVATE BANKING (Hong Kong),HKG
298089,45,ICS Trust Company Limited,HKG
298315,45,TGL Partners Limited,CHN
11000247,45,MULTI GROUP FINANCE,CHE
11002355,45,HONG KONG PROFESSIONAL SECRETARIAL LTD.,HKG
11002588,45,"BEIJING VOSON INT'L IP ATTORNEY CO., LTD.",CHN
11002933,45,CHAMPION SECRETARIAL SERVICES LIMITED,HKG
11003169,45,INTERFINA ASSET MGT SA,ESP
11004047,45,GSLP INTERNATIONAL LUXEMBOURG  S.A R.L,LUX
11004561,45,GEE KAY SYSTEMS & ACCOUNTING LTD.,HKG
11006149,45,GLOBAL MANAGEMENT & SERVICES S.A.,
11006186,45,CBP QUILVEST S.A.,LUX
11008899,45,"MOLARD FINANCIAL MANAGEMENT SERVICES, S. A.",CHE
11009131,45,HAMELS (MALTA) LIMITED,MLT
